,count,mean,std,min,25%,50%,75%,max
popularity,101939.0,39.78231098990573,16.79076949955149,0.0,29.0,41.0,52.0,97.0
danceability,101939.0,0.5860150295765115,0.17772425685883866,0.0,0.48,0.61,0.714,0.989
energy,101939.0,0.5864791632319328,0.2601704025337212,0.0,0.411,0.629,0.798,1.0
speechiness,101939.0,0.12884149638509307,0.20332371328441765,0.0,0.0364,0.0506,0.104,0.969
tempo,101939.0,118.35852701125182,30.224074261994026,0.0,95.973,118.067,136.045,244.035
valence,101939.0,0.4828126257801234,0.2616904844759437,0.0,0.271,0.477,0.693,0.993
duration_ms,101939.0,246770.80330393667,190430.29514077443,1155.0,184000.0,216893.0,261055.0,5505831.0
