metric,naive_baseline_score
MAE,13.616587417476634
RMSE,16.900092016645967
R2,-1.0761437034823018e-05
